{
  "interactionModel": {
    "languageModel": {
      "invocationName": "checker",
      "intents": [
        {
          "name": "TestCustomColdHeadache",
          "samples": [
            "no i am not having cold",
            "no i am not having cold or running nose",
            "no i am not having running nose",
            "no i am not having runny nose"
          ]
        },
        {
          "name": "TestCustomCoughFinal",
          "samples": [
            "no i am not experiencing cough",
            "no i am not experiencing dry cough",
            "no i am not having cough",
            "no i am not having dry cough"
          ]
        },
        {
          "name": "DefaultWelcomeIntent",
          "samples": [
            "a good day",
            "greetings",
            "hello",
            "hello again",
            "hello hi",
            "hello there",
            "hey",
            "hey there",
            "heya",
            "hi",
            "hi there",
            "howdy",
            "i greet you",
            "just going to say hi",
            "long time no see",
            "lovely day isn\u0027t it"
          ]
        },
        {
          "name": "TestCustomHeadacheVoice",
          "samples": [
            "no i am experiencing headache",
            "no i am not feeling headache",
            "no i am not having headache"
          ]
        },
        {
          "name": "TestCustomSocFever",
          "samples": [
            "no i am not engaged with any social activities"
          ]
        },
        {
          "name": "TestCustomVoiceShort",
          "samples": [
            "no i am not experiencing any voice change",
            "no i am not feeling hoarseness in my voice",
            "no i am not having any change in my voice",
            "no i am not having any kind of voice change"
          ]
        },
        {
          "name": "TestYes",
          "samples": [
            "absolutely",
            "alright",
            "alright why not",
            "confirm",
            "do it",
            "exactly",
            "for sure",
            "go ahead",
            "i agree",
            "i don\u0027t mind",
            "i think so",
            "it looks perfect",
            "it\u0027s fine",
            "it\u0027s okay",
            "of course",
            "ok",
            "okay",
            "okay i will",
            "perfect",
            "right",
            "sg",
            "sounds correct",
            "sounds good",
            "sure",
            "sure why not",
            "that one works",
            "that works",
            "that\u0027s correct",
            "why not",
            "yeah",
            "yep",
            "yep that\u0027s ok",
            "yep that\u0027s right",
            "yes",
            "yes i agree",
            "yes i am experiencing breathing trouble",
            "yes i am experiencing dry cough",
            "yes i am feeling hoarseness in my voice",
            "yes i am feeling shortness in my breath",
            "yes i am having affected person in my family",
            "yes i am having breathing trouble",
            "yes i am having change in my voice",
            "yes i am having cold",
            "yes i am having cold or running nose",
            "yes i am having cough",
            "yes i am having dry cough",
            "yes i am having fever",
            "yes i am having headache",
            "yes i am having rise in temperature",
            "yes i am having running nose",
            "yes i am having shortness in breath",
            "yes i can",
            "yes i do",
            "yes i had engaged in the social activities",
            "yes please",
            "yes that\u0027s alright",
            "yes that\u0027t ok",
            "yes you can do it",
            "yup"
          ]
        },
        {
          "name": "TestCustomFevCold",
          "samples": [
            "no i am not having any rise any temperature",
            "no i am not having fever",
            "no i am not having fever or rise in temperature"
          ]
        },
        {
          "name": "Test",
          "slots": [
            {
              "name": "familyslot",
              "type": "FAMILY"
            }
          ],
          "samples": [
            "initiate the test",
            "start the test",
            "yes i am having affected person in my {familyslot}"
          ]
        },
        {
          "name": "TestNoFirstSocial",
          "samples": [
            "no i am not having affected person in my family"
          ]
        },
        {
          "name": "TestCustomShortCough",
          "samples": [
            "no i am not experiencing any kind of breathing trouble or shortness in my breath",
            "no i am not having breathing trouble",
            "no i am not having shortness in my breath"
          ]
        }
      ],
      "types": [
        {
          "name": "FAMILY",
          "values": [
            {
              "name": {
                "value": "family",
                "synonyms": [
                  "family",
                  "family infection",
                  "affected person in the family",
                  "arround you"
                ]
              }
            }
          ]
        }
      ]
    }
  }
}